ENSG00000242268.2	0.0
ENSG00000270112.3	3021.16868992
ENSG00000167578.15	193111.871706
ENSG00000273842.1	0.0
ENSG00000078237.5	298704.219653
ENSG00000146083.10	826682.139527
ENSG00000225275.4	0.0
ENSG00000158486.12	14308.2971696
ENSG00000198242.12	4184723.54829
ENSG00000259883.1	3598.89724647
ENSG00000231981.3	0.0
ENSG00000269475.2	830.142042492
ENSG00000201788.1	0.0
ENSG00000134108.11	632720.986229
ENSG00000263089.1	5648.20423795
ENSG00000172137.17	23043.3879646
ENSG00000167700.7	81539.9393767
ENSG00000234943.2	5257.1992744
ENSG00000240423.1	940.805756226
ENSG00000060642.9	105837.587592
ENSG00000271616.1	0.0
ENSG00000234881.1	0.0
ENSG00000236040.1	398.384749035
ENSG00000231105.1	9434.11726184
ENSG00000243044.1	0.0
ENSG00000182141.8	44550.2025195
ENSG00000269416.4	15514.1609413
ENSG00000264981.1	0.0
ENSG00000275265.1	0.0
ENSG00000185105.4	483.799217197
ENSG00000233540.1	3002.97594917
ENSG00000102174.8	2732.03075074
ENSG00000271647.1	283.542793483
ENSG00000166391.13	4022.34807011
ENSG00000270469.1	1466.31131427
ENSG00000070087.12	208567.155167
ENSG00000262950.1	588.119918828
ENSG00000255420.1	0.0
ENSG00000280038.1	118.326216504
ENSG00000266261.1	2776.83240133
ENSG00000153561.11	238453.238376
ENSG00000269148.1	11414.4530843
ENSG00000274458.1	0.0
ENSG00000273406.1	832.758036323
ENSG00000179262.8	1336955.79293
ENSG00000214198.6	5690.44756292
ENSG00000278099.1	0.0
ENSG00000166368.2	357.110653414
ENSG00000206072.11	107.249141042
ENSG00000234900.1	0.0
ENSG00000258630.1	932.140682633
ENSG00000127511.8	228071.524178
ENSG00000220993.1	0.0
ENSG00000225269.2	0.0
ENSG00000214062.5	547.503902334
ENSG00000095587.8	14589.3568381
ENSG00000274219.1	436.555974989
ENSG00000230100.1	10276.851026
ENSG00000064601.15	660925.468943
ENSG00000227766.1	9181.30411044
ENSG00000008517.15	490272.085876
ENSG00000215246.5	3529.05731878
ENSG00000266644.1	707.844330875
ENSG00000236893.1	0.0
ENSG00000254465.1	0.0
ENSG00000088179.7	38350.3550336
ENSG00000070081.14	132380.661164
ENSG00000275479.1	9218.43779744
ENSG00000166634.5	2171.16570973
ENSG00000261789.1	477.007009976
ENSG00000254092.1	6654.07620391
ENSG00000197421.8	1733.49632051
ENSG00000161558.9	50017.6842503
ENSG00000276644.3	2133.12153153
ENSG00000260900.1	0.0
ENSG00000278732.1	0.0
ENSG00000196167.8	726.243582347
ENSG00000268465.1	0.0
ENSG00000264438.2	0.0
ENSG00000204113.6	0.0
ENSG00000207000.1	3704.60584383
ENSG00000254131.1	0.0
ENSG00000118972.1	262.685768913
ENSG00000264104.1	0.0
ENSG00000179833.4	129709.032566
ENSG00000264576.1	0.0
ENSG00000064225.11	9077.69828908
ENSG00000267108.1	0.0
ENSG00000221372.1	0.0
ENSGR0000264510.4	0.0
ENSG00000057294.12	107329.421813
ENSG00000227535.2	0.0
ENSG00000252628.2	0.0
ENSG00000166007.11	0.0
ENSG00000273055.1	26003.369339
ENSG00000242041.1	0.0
ENSG00000278923.1	0.0
ENSG00000167768.4	796.609375583
ENSG00000280159.1	163.057517602
ENSG00000235240.1	0.0
ENSG00000264172.1	0.0
ENSG00000199903.1	0.0
ENSG00000200058.1	0.0
ENSG00000275358.1	0.0
ENSG00000218358.2	30105.7841992
ENSG00000266460.1	0.0
ENSG00000260371.1	0.0
ENSG00000264091.1	0.0
ENSG00000238921.2	0.0
ENSG00000274815.1	0.0
ENSG00000269349.1	65765.1732867
ENSG00000200291.1	0.0
ENSG00000233614.6	5291.37259528
ENSG00000022567.8	229187.626797
ENSG00000241670.3	0.0
ENSG00000278933.1	0.0
ENSG00000202175.1	0.0
ENSG00000120662.14	60475.4479614
ENSG00000235523.1	0.0
ENSG00000249848.1	689.378826591
ENSG00000277826.1	0.0
ENSG00000230225.1	0.0
ENSG00000239877.2	3954.04314504
ENSG00000201398.1	0.0
ENSG00000281474.1	0.0
ENSG00000272905.1	0.0
ENSG00000259952.1	0.0
ENSG00000260812.1	0.0
ENSG00000225630.1	2053724.89654
ENSG00000230231.1	0.0
ENSG00000164283.11	4412.53608857
ENSG00000231880.2	0.0
ENSG00000227489.1	0.0
ENSG00000254555.1	0.0
ENSG00000013392.7	80887.8521692
ENSG00000258279.2	1139.05984279
ENSG00000226688.5	2151.55748082
ENSG00000250929.2	1425.87347227
ENSG00000204581.2	4850.96114865
ENSG00000225620.1	4344.03096208
ENSG00000258477.1	794.374399378
ENSG00000225488.1	0.0
ENSG00000184178.14	138768.602888
ENSG00000237786.1	0.0
ENSG00000166913.11	2741100.29895
ENSG00000275856.1	0.0
ENSG00000164112.11	1966.23425243
ENSG00000259345.4	11248.6551285
ENSG00000130204.11	1009319.34905
ENSG00000280387.1	952.867368485
ENSG00000189099.10	1603.20657347
ENSG00000232879.2	0.0
ENSG00000111863.11	203545.327878
ENSG00000164182.9	133690.008923
ENSG00000109618.10	62715.5529101
ENSG00000271623.1	0.0
ENSG00000279345.1	2707.29305833
ENSG00000214866.6	1781.54078782
ENSG00000153015.14	186219.837977
ENSG00000202290.1	0.0
ENSG00000254578.1	0.0
ENSG00000240710.1	4642.96135039
ENSG00000248778.1	0.0
ENSG00000250210.4	0.0
ENSG00000225215.1	0.0
ENSG00000257246.1	2102.87970976
ENSG00000245017.2	10333.4938814
ENSG00000281091.1	30029.7594917
ENSG00000250885.1	3549.78649513
ENSG00000273797.1	3008.67419575
ENSG00000089116.3	507.382816371
ENSG00000036448.8	138585.936794
ENSG00000234055.1	1644.78350743
ENSG00000267552.5	1009.91802622
ENSG00000224695.1	0.0
ENSG00000106038.11	14777.5434421
ENSG00000255189.1	0.0
ENSG00000164114.17	19557.825974
ENSG00000238698.1	0.0
ENSG00000199836.1	0.0
ENSG00000149089.11	39810.1094914
ENSG00000251710.1	0.0
ENSG00000224570.1	0.0
ENSG00000179632.8	1764673.48642
ENSG00000271677.1	0.0
ENSG00000114861.17	65881.2554507
ENSG00000205030.1	0.0
ENSG00000138193.13	56653.0371504
ENSG00000243073.3	0.0
ENSG00000152942.17	325101.208719
ENSG00000240809.1	7866.05181298
ENSG00000280004.1	1810.01290087
ENSG00000224560.3	0.0
ENSG00000227233.1	0.0
ENSG00000118363.10	126415.015711
ENSG00000258116.1	10825.8544722
ENSG00000273311.1	67497.7846135
ENSG00000136169.15	54134.5098329
ENSG00000279700.1	3510.48996567
ENSG00000121644.17	754264.717715
ENSG00000135903.17	684.468509026
ENSG00000138495.5	145818.539322
ENSG00000204528.3	4010.71998607
ENSG00000169992.8	424461.722648
ENSG00000239344.1	0.0
ENSG00000253309.5	911.946683949
ENSG00000101323.4	446.137113438
ENSG00000272456.1	395.207203679
ENSG00000251538.4	1834.37992351
ENSG00000263711.4	9424.15847757
ENSG00000262662.1	0.0
ENSG00000127564.15	306310.70528
ENSG00000219395.2	65056.8377384
ENSG00000255349.1	0.0
ENSG00000254843.1	214.035002856
ENSG00000277998.1	5049.59013108
ENSG00000275248.1	0.0
ENSG00000226086.5	4822.29714465
ENSG00000235023.1	4305.59831254
ENSG00000176973.7	243327.557362
ENSG00000255521.1	979.553933995
ENSG00000211682.2	5662.754647
ENSG00000231630.1	5543.95559846
ENSG00000249514.1	0.0
ENSG00000272374.1	6511.96849807
ENSG00000159479.15	202740.857018
ENSG00000112511.16	359134.545271
ENSG00000196381.9	55014.9843228
ENSG00000211950.2	155277.968058
ENSG00000202534.1	0.0
ENSG00000231062.1	0.0
ENSG00000154511.10	67711.2299428
ENSG00000253946.1	0.0
ENSG00000144504.14	19341.289724
ENSG00000142507.8	2055877.15326
ENSG00000259677.1	1062.7153493
ENSG00000164116.15	11893.1596905
ENSG00000273305.1	3956.01622046
ENSG00000138669.8	2711.83520038
ENSG00000250927.1	409.496720341
ENSG00000174013.7	606329.788483
ENSG00000235110.5	0.0
ENSG00000277670.1	0.0
ENSG00000227863.2	590.749367049
ENSG00000196704.10	237421.80613
ENSG00000251332.1	1116.59950786
ENSG00000259235.1	0.0
ENSG00000258507.1	0.0
ENSG00000178821.11	39788.4893641
ENSG00000244019.1	0.0
ENSG00000222054.1	0.0
ENSG00000106069.19	26252.6580351
ENSG00000243911.3	0.0
ENSG00000232301.1	445155.43475
ENSG00000267871.4	4834.058845
ENSG00000227851.1	0.0
ENSG00000225715.1	0.0
ENSG00000271934.1	0.0
ENSG00000271919.1	0.0
ENSG00000176928.5	4210.87084842
ENSG00000233714.1	2666.31945262
ENSG00000129455.14	130926.531034
ENSG00000253049.1	0.0
ENSG00000240250.3	0.0
ENSG00000277889.1	0.0
ENSG00000216902.3	0.0
ENSG00000265875.1	0.0
ENSG00000237666.2	0.0
ENSG00000161896.9	1123.72168757
ENSG00000254672.1	0.0
ENSG00000143033.16	208627.802784
ENSG00000256150.1	0.0
ENSG00000106410.13	2482.22867474
ENSG00000259956.1	407196.484585
ENSG00000150773.9	10254.3010584
ENSG00000227958.1	0.0
ENSG00000267083.1	305.387384661
ENSG00000274335.1	0.0
ENSG00000259847.1	1336.15559086
ENSG00000226668.4	983.808459871
ENSG00000268140.1	1885.78889291
ENSG00000278987.1	1998.31396801
ENSG00000250006.2	0.0
ENSG00000236313.1	0.0
ENSG00000273085.1	0.0
ENSG00000260729.1	1540.62140602
ENSG00000205362.9	7586.46555579
ENSG00000245667.2	1415.68866175
ENSG00000203818.6	0.0
ENSG00000258517.1	549.782004563
ENSG00000254768.4	311.874764193
ENSG00000202050.1	0.0
ENSG00000259799.1	3057.01407679
ENSG00000230533.1	757.921272065
ENSG00000196296.12	45541.5345384
ENSG00000270457.1	1172.75983814
ENSG00000230481.2	0.0
ENSG00000252861.1	0.0
ENSG00000231952.3	866.432405005
ENSG00000280956.1	0.0
ENSG00000205331.5	0.0
ENSG00000279123.1	1111.90133321
ENSG00000206791.1	0.0
ENSG00000109805.8	298845.231015
ENSG00000211978.2	96746.7234606
ENSG00000212039.1	0.0
ENSG00000203780.9	28581.5157715
ENSG00000111641.9	432420.848241
ENSG00000221923.7	154656.087522
ENSG00000163975.10	52282.4803522
ENSG00000239893.1	1178.86342094
ENSG00000127329.13	10767.099848
ENSG00000257815.4	24209.2262425
ENSG00000262358.1	14939.4280888
ENSG00000250594.2	0.0
ENSG00000077044.8	392254.859045
ENSG00000263570.1	0.0
ENSG00000143183.15	104351.263105
ENSG00000229941.4	0.0
ENSG00000279455.1	674.137457976
ENSG00000108774.13	700901.764964
ENSG00000125522.3	293.189959534
ENSG00000183696.12	735799.310392
ENSG00000273826.1	0.0
ENSG00000228318.3	1065.57211099
ENSG00000275261.1	4954.91031612
ENSG00000212025.3	0.0
ENSG00000279874.1	0.0
ENSG00000269680.1	11556.6421367
ENSG00000279859.1	2914.65312713
ENSG00000222129.1	0.0
ENSG00000225758.1	0.0
ENSG00000269113.3	4226.53709081
ENSG00000231302.1	0.0
ENSG00000268442.1	4504.46392375
ENSG00000244031.3	0.0
ENSG00000281158.1	0.0
ENSG00000268957.1	0.0
ENSG00000231392.1	0.0
ENSG00000166126.9	6057.66048118
ENSG00000276289.3	1846.71910933
ENSG00000129451.10	9567.7479242
ENSG00000260000.2	14632.826774
ENSG00000254312.1	0.0
ENSG00000259981.1	0.0
ENSG00000117139.15	421732.856215
ENSG00000244025.3	0.0
ENSG00000001460.16	20772.0831958
ENSG00000241057.1	6098.35115831
ENSG00000135723.12	249917.355542
ENSG00000080031.8	10950.0780467
ENSG00000168300.12	220958.010765
ENSG00000234206.4	12469.3107293
ENSG00000196772.3	852.457688795
ENSG00000255531.1	0.0
ENSG00000200693.2	11658.6125085
ENSG00000268947.1	5852.25627889
ENSG00000231982.1	16816.6653153
ENSG00000145451.11	371.656987979
ENSG00000250420.7	4808.31533636
ENSG00000227097.5	5538174.04476
ENSG00000236764.4	0.0
ENSG00000106125.14	13724.6152704
ENSG00000076984.16	399474.596526
ENSG00000234595.1	0.0
ENSG00000232360.1	0.0
ENSG00000271824.1	1426.72882528
ENSG00000218018.2	9008.9278475
ENSG00000133624.12	80424.6659486
ENSG00000253801.2	0.0
ENSG00000209082.1	15855.7130116
ENSG00000125843.9	188304.642688
ENSG00000155974.10	2486.00078576
ENSG00000243664.1	0.0
ENSG00000105053.9	167200.403644
ENSG00000235976.2	0.0
ENSG00000267717.1	518.838776557
ENSG00000232002.1	18371.1469831
ENSG00000221539.1	187483.093043
ENSG00000279064.1	0.0
ENSG00000254920.1	0.0
ENSG00000231378.1	0.0
ENSG00000257323.1	0.0
ENSG00000257364.1	1025.59592572
ENSG00000260286.2	0.0
ENSG00000117394.18	235003.743185
ENSG00000226235.1	4276.08225771
ENSG00000261654.1	861.003630538
ENSG00000125084.10	2648.5044006
ENSG00000264799.1	0.0
ENSG00000263834.1	5017.63069987
ENSG00000251615.3	19154.716396
ENSG00000254227.1	0.0
ENSG00000259443.1	0.0
ENSG00000241537.1	424.858333644
ENSG00000030304.11	1421.78201323
ENSG00000172288.7	0.0
ENSG00000270369.1	1330.17726607
ENSG00000258678.1	0.0
ENSG00000233469.1	6354.99519503
ENSG00000238211.1	42394.9545765
ENSG00000220256.3	367.257095698
ENSG00000212497.1	0.0
ENSG00000280799.1	0.0
ENSG00000261840.2	17264.495875
ENSG00000234769.7	39130.2708753
ENSG00000252705.1	0.0
ENSG00000199812.1	0.0
ENSG00000164266.9	34282.6227278
ENSG00000261399.1	846.993216431
ENSG00000258467.1	0.0
ENSG00000241815.1	0.0
ENSG00000187135.7	38094.202968
ENSG00000206344.6	5220.12641631
ENSG00000274491.1	0.0
ENSG00000240877.3	4003.96793222
ENSG00000278126.1	388888.729488
ENSG00000253713.1	0.0
ENSG00000278981.1	0.0
ENSG00000214929.3	2459.20325887
ENSG00000248548.1	0.0
ENSG00000168237.16	179054.309731
ENSG00000009724.15	9697.68379914
ENSG00000237424.1	28279.9185839
ENSG00000228045.1	0.0
ENSG00000177519.3	977912.687272
ENSG00000263392.1	0.0
ENSG00000105048.15	1388561.69338
ENSG00000280106.1	4205.27443804
ENSG00000228360.1	7207.142278
ENSG00000228166.1	452.503225217
ENSG00000260414.1	0.0
ENSG00000198888.2	64983959.7736
ENSG00000143224.16	114435.089567
ENSG00000280483.1	23920.2566985
ENSG00000242524.1	412.90919301
ENSG00000236878.1	598.780702855
ENSG00000206047.2	0.0
ENSG00000231496.1	7381.61685828
ENSG00000258743.4	7005.80249942
ENSG00000049239.11	137616.906194
ENSG00000089902.9	272016.746926
ENSG00000178075.18	22929.3008742
ENSG00000227964.1	0.0
ENSG00000261733.1	0.0
ENSG00000223316.1	0.0
ENSG00000108443.12	78896.9718607
ENSG00000269921.1	38964.8901986
ENSG00000272734.1	4068.75029438
ENSG00000106571.11	4976.89876974
ENSG00000263631.1	0.0
ENSG00000228316.1	601.506563414
ENSG00000229406.1	0.0
ENSG00000226824.5	35075.271321
ENSG00000221523.1	0.0
ENSG00000152049.6	5094.28218728
ENSG00000230707.1	12099.9030919
ENSG00000266563.1	5081.95929859
ENSG00000123364.4	7852.60239947
ENSG00000225082.2	0.0
ENSG00000255153.1	7598.58451035
ENSG00000261663.1	37727.7435238
ENSG00000196227.9	79233.8842962
ENSG00000249996.1	1413.16515255
ENSG00000248842.1	0.0
ENSG00000230080.2	656.823239917
ENSG00000253829.1	4097.08346553
ENSG00000072694.17	12102.2842043
ENSG00000188186.9	761459.151474
ENSG00000175309.13	38025.7816215
ENSG00000212211.2	0.0
ENSG00000275592.1	0.0
ENSG00000248935.1	552.849128717
ENSG00000150477.13	12931.6613265
ENSG00000231203.1	273.941137035
ENSG00000236489.1	23863.1132282
ENSG00000238731.1	0.0
ENSG00000011052.20	9582.42123988
ENSG00000236690.2	0.0
ENSG00000181649.5	162707.840328
ENSG00000110395.4	183070.214558
ENSG00000223922.1	7130.53324315
ENSG00000254425.1	0.0
ENSG00000276499.1	0.0
ENSG00000107018.7	2158.21864949
ENSG00000248480.1	0.0
ENSG00000254174.1	42539.717836
ENSG00000239679.3	0.0
ENSG00000228790.1	1395.74938482
ENSG00000260799.1	275.65565041
ENSG00000128973.10	850673.07619
ENSG00000100842.11	10163.9185972
ENSG00000234363.1	0.0
ENSGR0000167393.15	0.0
ENSG00000266246.1	0.0
ENSG00000223905.1	0.0
ENSG00000116285.11	28976.6374913
ENSG00000244756.1	0.0
ENSG00000167880.6	8022.86410707
ENSG00000265948.1	0.0
ENSG00000270930.1	3199.58334315
ENSG00000279273.1	0.0
ENSG00000139656.6	7696.94806388
ENSG00000232140.1	757.921272065
ENSG00000254418.1	1651.63677204
ENSG00000104998.3	166479.633579
ENSG00000278530.3	3994.30749299
ENSG00000279952.1	6883.81172718
ENSG00000230806.1	0.0
ENSG00000082068.7	75854.6861295
ENSG00000258064.1	0.0
ENSG00000186723.3	0.0
ENSG00000137948.17	98869.5533314
ENSG00000222805.1	0.0
ENSG00000165312.6	86765.8349254
ENSG00000235204.1	3860.9690775
ENSG00000136319.10	51218.6092647
ENSG00000249915.6	215671.436071
ENSG00000232167.1	0.0
ENSG00000277073.1	0.0
ENSG00000244657.1	0.0
ENSG00000241231.1	0.0
ENSG00000255774.1	0.0
ENSG00000181991.14	206899.437342
ENSG00000226544.4	540.781480614
ENSG00000201920.1	3704.60584383
ENSG00000079819.15	662421.26869
ENSG00000234460.1	37709.9369192
ENSG00000044524.9	5048.4552217
ENSG00000213753.9	134577.318628
ENSG00000197927.11	9114.25436169
ENSG00000221725.1	0.0
ENSG00000251359.4	1452.65350541
ENSG00000254146.1	0.0
ENSG00000253346.1	0.0
ENSG00000211452.9	1737.04130276
ENSG00000143793.11	312200.755852
ENSG00000134333.12	1028195.75359
ENSG00000275212.1	38058.395338
ENSG00000244544.2	0.0
ENSG00000277250.1	0.0
ENSG00000143184.4	16528.4499206
ENSG00000266392.1	56627.54647
ENSG00000261798.1	1988.59276901
ENSG00000114062.16	196680.376852
ENSG00000119772.15	169472.772809
ENSG00000213509.4	1627.8966131
ENSG00000271821.1	3066.86905447
ENSG00000229642.1	0.0
ENSG00000138735.14	15409.6443591
ENSG00000251838.1	0.0
ENSG00000265727.2	0.0
ENSG00000275491.1	19278.8918587
ENSG00000252130.1	0.0
ENSG00000279013.1	785.714222577
ENSG00000131845.13	248895.820436
ENSG00000280186.1	850.26346051
ENSG00000259631.1	0.0
ENSG00000182220.12	2693252.76787
ENSG00000241757.3	0.0
ENSG00000253153.1	0.0
ENSG00000166896.6	245977.193843
ENSG00000167676.3	6063.72875779
ENSG00000280007.1	213.783147587
ENSG00000232177.1	1996.94118534
ENSG00000275944.1	413.124361949
ENSG00000201683.1	0.0
ENSG00000185839.3	1148.96471099
ENSG00000233290.1	0.0
ENSG00000223608.1	46744.4369446
ENSG00000231261.1	1495.82198223
ENSG00000228696.7	5261.43593653
ENSG00000229456.1	471.896220583
ENSG00000281222.1	0.0
ENSG00000213187.3	0.0
ENSG00000207176.1	8089.64949571
ENSG00000199077.2	0.0
ENSG00000102007.9	235852.181427
ENSG00000242411.2	3249.12151877
ENSG00000118094.10	1245.73483749
ENSG00000270507.1	0.0
ENSG00000048162.18	289053.747862
ENSG00000146535.12	525997.734343
ENSG00000135547.7	31092.4689666
ENSG00000168306.11	30918.4349345
ENSG00000280341.1	0.0
ENSG00000064102.13	348399.075143
ENSG00000148426.11	122066.914258
ENSG00000115685.13	368715.569041
ENSG00000249916.1	7744.7976522
ENSG00000271200.1	2784.9613018
ENSG00000276669.1	0.0
ENSG00000228404.1	1423.3135558
ENSG00000253538.1	0.0
ENSG00000275859.1	0.0
ENSG00000249309.1	1521.66151743
ENSG00000167332.7	552.079143858
ENSG00000255236.2	4086.52397206
ENSG00000235382.1	295.154747051
ENSG00000130649.8	34114.2562457
ENSG00000100029.16	1209707.04878
ENSG00000248574.1	0.0
ENSG00000274160.1	0.0
ENSG00000259248.4	5140.85617788
ENSG00000211685.3	114153.942884
ENSG00000268620.1	7479.10991113
ENSG00000207620.1	0.0
ENSG00000255508.6	11441.0090039
ENSG00000119471.13	126776.865975
ENSG00000252540.1	0.0
ENSG00000229086.3	666.206429059
ENSG00000228929.1	22651.018588
ENSG00000264054.1	0.0
ENSG00000231061.1	592.515433916
ENSG00000172345.12	4877.52648251
ENSG00000224650.2	310631.515559
ENSG00000236461.1	259.929721502
ENSG00000132300.17	339141.283817
ENSG00000229107.2	436.07571539
ENSG00000211779.3	28152.8995234
ENSG00000175894.13	7979.27852295
ENSG00000213777.5	2507.05230331
ENSG00000223985.1	777.240833902
ENSG00000100197.19	3407.38818301
ENSG00000162076.11	368805.04624
ENSG00000182667.13	2222.44396008
ENSG00000250813.1	0.0
ENSG00000274010.1	684.616278566
ENSG00000260933.1	0.0
ENSG00000197919.4	0.0
ENSG00000263878.1	1570.90947935
ENSG00000226806.1	851.54205218
ENSG00000255460.1	0.0
ENSG00000267567.1	768.203149787
ENSG00000250694.1	0.0
ENSG00000242976.3	0.0
ENSG00000225675.2	6291.94960778
ENSG00000249741.2	2936.2431503
ENSG00000206617.1	0.0
ENSG00000207249.1	0.0
ENSG00000266586.1	0.0
ENSG00000264212.1	429.927142397
ENSG00000204519.9	175342.16502
ENSG00000201699.1	0.0
ENSG00000229117.7	7907089.60227
ENSG00000225716.1	0.0
ENSG00000251810.1	0.0
ENSG00000057149.13	363.329812365
ENSG00000200034.1	0.0
ENSG00000277746.1	0.0
ENSG00000100628.10	39639.282529
ENSG00000251919.1	0.0
ENSG00000243250.1	1815.53965782
ENSG00000272461.1	603.337633622
ENSG00000158481.11	25137.105994
ENSG00000243543.7	45545.135229
ENSG00000271419.1	458.787992234
ENSG00000270863.1	2523.00949619
ENSG00000173272.12	334217.356481
ENSG00000207546.1	0.0
ENSG00000214295.4	0.0
ENSG00000075914.11	264142.900238
ENSG00000222346.1	0.0
ENSG00000221118.1	0.0
ENSG00000254814.1	1045.8913596
ENSG00000225455.3	838.039799767
ENSG00000197444.8	138571.286409
ENSG00000233376.1	0.0
ENSG00000168811.5	1748.79187628
ENSG00000254081.1	451.472466162
ENSG00000137440.4	2041.75848199
ENSG00000249908.2	1658.54738615
ENSG00000240626.3	0.0
ENSG00000222472.1	0.0
ENSG00000158483.14	50282.6699644
ENSG00000212961.4	1240.66611984
ENSG00000132031.11	4449.56667259
ENSG00000275894.1	2795.43600345
ENSG00000232806.1	0.0
ENSG00000165195.12	66030.1983398
ENSG00000254411.1	0.0
ENSG00000265737.1	0.0
ENSG00000249184.1	0.0
ENSG00000070444.13	97099.8923545
ENSG00000260694.1	0.0
ENSG00000265457.1	0.0
ENSG00000236998.2	635.244912323
ENSG00000066697.13	95899.5245936
ENSG00000236317.1	4129.0919301
ENSG00000265574.1	385.221404558
ENSG00000226053.1	177.834376532
ENSG00000237390.1	141.923675363
ENSG00000182613.1	836.271783312
ENSG00000083444.15	1016762.49885
ENSG00000247775.2	795.437107605
ENSG00000196748.8	1946.28228457
ENSG00000235444.2	0.0
ENSG00000200883.1	0.0
ENSG00000246526.2	23291.6157639
ENSG00000236674.1	0.0
ENSG00000199910.1	0.0
ENSG00000253026.1	0.0
ENSG00000259042.2	0.0
ENSG00000007312.11	36018.3865287
ENSG00000273720.1	7207.142278
ENSG00000202440.1	0.0
ENSG00000145982.10	194402.776503
ENSG00000274979.1	2015.9363878
ENSG00000181381.12	11217.4343452
ENSG00000277506.1	0.0
ENSG00000112303.12	22582.1966553
ENSG00000214193.8	155491.597761
ENSG00000212314.2	0.0
ENSG00000227335.1	0.0
ENSG00000232987.1	0.0
ENSG00000239911.2	5112.54718775
ENSG00000241098.1	0.0
ENSG00000142552.6	93558.5550374
ENSG00000149923.12	1340979.23961
ENSG00000235141.1	0.0
ENSG00000278977.1	0.0
ENSG00000226431.1	0.0
ENSG00000207972.1	0.0
ENSG00000188385.10	677.327382856
ENSG00000231434.1	2560.9134998
ENSG00000279410.1	0.0
ENSG00000272079.2	2811.29663326
ENSG00000149925.15	2472800.61855
ENSG00000254222.1	1024.27086638
ENSG00000271321.1	0.0
ENSG00000144959.8	92090.429669
ENSG00000139613.10	96839.3927359
ENSG00000111783.11	9700.90063366
ENSG00000197893.12	1731.27544239
ENSG00000223864.1	0.0
ENSG00000277539.1	882.8348002
ENSG00000117602.10	132186.953184
ENSG00000207257.1	0.0
ENSG00000054983.15	118656.48968
ENSG00000173276.12	163877.113209
ENSG00000265144.1	0.0
ENSG00000163376.10	42853.2784097
ENSG00000207944.1	12387.2757903
ENSG00000112200.15	85889.9414934
ENSG00000223634.1	10411.8190508
ENSG00000231597.1	2039.75724849
ENSG00000267206.4	4244.53947366
ENSG00000108590.9	70117.989067
ENSG00000101236.15	225439.37286
ENSG00000099385.10	147543.213961
ENSG00000201263.1	0.0
ENSG00000250990.1	0.0
ENSG00000113360.15	164212.606158
ENSG00000264874.1	0.0
ENSG00000207963.1	0.0
ENSG00000161904.10	368829.859241
ENSG00000186265.8	15868.5794273
ENSG00000266715.1	0.0
ENSG00000200313.1	0.0
ENSG00000231738.9	970.361873415
ENSG00000211679.2	3666204.63737
ENSG00000276699.1	6834.35905672
ENSG00000170325.13	43671.4099701
ENSG00000261504.1	1440.38090585
ENSG00000199767.1	0.0
ENSG00000278761.1	0.0
ENSG00000232386.8	3216.16896787
ENSG00000277770.1	0.0
ENSG00000230107.1	9008.9278475
ENSG00000267714.1	566.2754647
ENSG00000156467.8	502804.815857
ENSG00000212144.1	0.0
ENSG00000264720.2	0.0
ENSG00000165716.8	238803.22204
ENSG00000230248.1	627.203837484
ENSG00000224870.5	424493.54439
ENSG00000204308.7	913587.878321
ENSG00000169856.8	823.6734032
ENSG00000272130.1	6810.87328677
ENSGR0000223773.5	0.0
ENSG00000207548.2	0.0
ENSG00000183206.15	334.132755232
ENSG00000265802.2	1330.17726607
ENSG00000268830.1	715.510514964
ENSG00000266631.1	18436.8755949
ENSG00000260281.4	24062.1842828
ENSG00000173093.11	11797.4055146
ENSG00000132964.10	91087.4411986
ENSG00000233378.1	0.0
ENSG00000232464.1	839.815307818
ENSG00000280903.1	0.0
ENSG00000234740.1	3469.52144674
ENSG00000231603.1	0.0
ENSG00000281532.1	0.0
ENSG00000183570.15	26879.0096821
ENSG00000101680.12	25174.1411222
ENSG00000223200.1	0.0
ENSG00000177257.2	0.0
ENSG00000187325.4	570231.885897
ENSG00000173846.11	104595.749818
ENSG00000149927.16	12707.2707765
ENSG00000261279.4	0.0
ENSG00000168303.6	116415.837579
ENSG00000242559.3	1343.70449251
ENSG00000204022.8	437.712925453
ENSG00000111785.17	73633.9719076
ENSG00000211866.1	0.0
ENSG00000213128.3	0.0
ENSG00000124900.11	1298.22977715
ENSG00000200303.1	0.0
ENSG00000126562.15	75944.7837802
ENSG00000201501.1	0.0
ENSG00000240870.2	0.0
ENSG00000256098.1	0.0
ENSG00000113441.14	50970.7268468
ENSG00000256195.2	0.0
ENSG00000265655.1	0.0
ENSG00000203356.2	4858.57647228
ENSG00000251236.1	0.0
ENSG00000266908.1	1003.52613997
ENSG00000251377.1	1007.35152551
ENSG00000179165.10	1316.29496064
ENSG00000201065.1	0.0
ENSG00000082515.15	93246.7648631
ENSG00000257198.5	918.852168034
ENSG00000221010.2	0.0
ENSG00000242104.3	1624.56075938
ENSG00000276584.1	0.0
ENSG00000214027.3	1484.61732318
ENSG00000278060.1	0.0
ENSG00000219951.4	1595.14215408
ENSG00000130287.12	20723.79579
ENSG00000256657.1	0.0
ENSG00000271288.1	0.0
ENSG00000234275.1	0.0
ENSG00000223761.1	0.0
ENSG00000222990.1	0.0
ENSG00000269444.1	3547.1393762
ENSG00000254075.1	0.0
ENSG00000206759.1	7409.21168766
ENSG00000228502.1	21974.2602932
ENSG00000141028.6	25301.6696994
ENSG00000268181.3	0.0
ENSG00000275270.1	11658.6125085
ENSG00000251568.1	0.0
ENSG00000135905.17	27369.5543173
ENSG00000270015.1	79320.4228009
ENSG00000224354.2	0.0
ENSG00000259474.1	2439.34046332
ENSG00000253658.4	0.0
ENSG00000266561.2	0.0
ENSG00000276889.1	0.0
ENSG00000231740.1	0.0
ENSG00000011677.11	242392.369197
ENSG00000117682.15	145636.820728
ENSG00000239659.2	0.0
ENSG00000276934.1	4924.13447565
ENSG00000154493.16	603.452445731
ENSG00000227719.1	8321.22343166
ENSG00000233139.1	0.0
ENSG00000248173.4	1415.68866175
ENSG00000174197.15	137662.909695
ENSG00000280224.1	0.0
ENSG00000249026.2	0.0
ENSG00000263525.1	0.0
ENSG00000254971.1	0.0
ENSG00000239180.1	0.0
ENSG00000175643.8	193867.057463
ENSG00000168746.7	445.385196955
ENSG00000100626.15	20109.5415903
ENSG00000228797.2	8634.29916473
ENSG00000206717.1	0.0
ENSG00000259402.1	1507.19705433
ENSG00000206260.3	54435.9685167
ENSG00000230426.2	10923.5601124
ENSG00000216205.1	0.0
ENSG00000066777.7	685358.497472
ENSG00000136631.11	62858.2043297
ENSG00000251101.1	0.0
ENSG00000261710.1	0.0
ENSG00000279576.1	0.0
ENSG00000252809.3	0.0
ENSG00000257748.1	4228.19013643
ENSG00000230274.1	0.0
ENSG00000196338.11	4650.63973755
ENSG00000251429.1	548.109548244
ENSG00000263531.1	3339.04906983
ENSG00000230039.1	0.0
ENSG00000240292.1	0.0
ENSG00000115221.9	1309.46190516
ENSG00000184979.9	20108.2316258
ENSG00000242571.1	4924.13447565
ENSG00000272335.1	68034.0486791
ENSG00000164404.7	6165.30469344
ENSG00000271511.1	0.0
ENSG00000199322.1	3331.03214529
ENSG00000111684.9	115436.302137
ENSG00000240480.1	0.0
ENSG00000171243.7	129993.765188
ENSG00000267041.4	25601.4219646
ENSG00000250180.1	0.0
ENSG00000251535.1	749.324811512
ENSG00000230335.1	0.0
ENSG00000277297.1	0.0
ENSG00000223202.1	0.0
ENSG00000244089.1	0.0
ENSG00000211459.2	11402318.5656
ENSG00000272995.1	1403.1604435
ENSG00000231369.1	2743.20294318
ENSG00000251080.1	2467.17526114
ENSG00000251353.1	0.0
ENSG00000111530.11	261436.381147
ENSG00000120457.10	36725.8698828
ENSG00000231234.2	141858.373059
ENSG00000131538.7	0.0
ENSG00000250034.1	0.0
ENSG00000268407.1	1962.34071926
ENSG00000187486.5	6185.90551326
ENSG00000272989.1	1378.75765318
ENSG00000271978.1	1332.209312
ENSG00000214176.8	13573.4938404
ENSG00000100122.5	7913.46838147
ENSG00000201077.1	0.0
ENSG00000092529.21	6789.00150357
ENSG00000112818.8	9577.27631573
ENSG00000200842.1	0.0
ENSG00000113492.12	200.603656523
ENSG00000056972.17	88134.3425068
ENSG00000143157.10	121808.211938
ENSG00000181371.3	1270.48982465
ENSG00000280581.1	9218.43779744
ENSG00000250413.1	0.0
ENSG00000275778.1	2204.904467
ENSG00000173473.9	439635.678958
ENSG00000253735.1	0.0
ENSG00000142875.18	84638.4086094
ENSG00000239547.3	0.0
ENSG00000237478.2	0.0
ENSG00000016602.9	1149.96468027
ENSG00000253099.1	0.0
ENSG00000203616.2	0.0
ENSG00000168172.7	51933.958356
ENSG00000240097.1	315.097635366
ENSG00000251676.1	12904.2739452
ENSG00000256709.2	0.0
ENSG00000233829.1	0.0
ENSG00000109606.11	282652.075862
ENSG00000261363.2	1708.58976418
ENSG00000226536.1	0.0
ENSG00000235593.1	715.510514964
ENSG00000279897.1	672.992912207
ENSG00000213180.4	1262.39753277
ENSG00000183066.13	5580.28734631
ENSG00000206832.1	3704.60584383
ENSG00000277333.1	0.0
ENSG00000229735.1	0.0
ENSG00000276746.1	3158.50856805
ENSG00000200799.1	0.0
ENSG00000254850.2	1074.23529889
ENSG00000276291.3	45737.6336873
ENSG00000234409.6	7441.66755863
ENSG00000215915.8	6879.05053949
ENSG00000085999.10	189681.124679
ENSG00000265621.1	4404.36472544
ENSG00000265891.1	0.0
ENSG00000280148.1	529.936932206
ENSG00000110172.10	43638.5531736
ENSG00000165646.10	6822.7613565
ENSG00000235875.3	959.78892322
ENSG00000260541.1	3603.571139
ENSG00000258337.1	0.0
ENSG00000248770.1	0.0
ENSG00000184014.6	138150.783467
ENSG00000225124.1	0.0
ENSG00000248577.1	0.0
ENSG00000276984.1	2633.8393707
ENSG00000281136.1	0.0
ENSG00000278603.1	8848.05413593
ENSG00000113732.7	1465163.62225
ENSG00000238067.1	0.0
ENSG00000252891.1	0.0
ENSG00000138152.8	329.50359542
ENSG00000230428.1	0.0
ENSG00000232896.1	0.0
ENSG00000257178.3	452.1591163
ENSG00000213421.4	0.0
ENSG00000201432.1	3539.22165437
ENSG00000264957.1	0.0
ENSG00000253983.2	0.0
ENSG00000278664.1	0.0
ENSG00000102921.6	211015.0861
ENSG00000167311.12	251525.429649
ENSG00000143178.11	10434.2504052
ENSG00000276376.1	0.0
ENSG00000163464.7	159.321875117
ENSG00000236246.1	0.0
ENSG00000281088.1	0.0
ENSG00000254526.1	805.676474166
ENSG00000223575.2	0.0
ENSG00000201444.1	0.0
ENSG00000232573.1	1003632.89807
ENSG00000261431.1	14838.2341018
ENSG00000253164.4	403.248042004
ENSG00000250697.1	6073.43450393
ENSG00000277323.1	0.0
ENSG00000238764.1	0.0
ENSG00000281849.1	36035.71139
ENSG00000241792.1	0.0
ENSG00000167178.14	11305.0895919
ENSG00000251774.1	7772.40833902
ENSG00000260092.1	0.0
ENSG00000092054.12	1953.63639867
ENSG00000088356.5	530110.925513
ENSG00000176752.6	419.019899884
ENSG00000223082.1	0.0
ENSG00000237714.1	472.458671382
ENSG00000200959.1	0.0
ENSG00000270971.2	0.0
ENSG00000267313.5	1300.90309458
ENSG00000151632.15	1596.68898744
ENSG00000269107.1	0.0
ENSG00000268889.1	709.110599803
ENSG00000258999.1	5276.44359787
ENSG00000270639.1	0.0
ENSG00000078295.14	2915.65027155
ENSG00000147509.12	10183.0237073
ENSG00000250796.1	3614.52424276
ENSG00000270965.1	0.0
ENSG00000239899.3	1441.4284556
ENSG00000272601.1	0.0
ENSG00000084623.10	2905961.54702
ENSGR0000223511.4	0.0
ENSG00000251455.1	463.61733952
ENSG00000226394.2	0.0
ENSG00000258985.1	0.0
ENSG00000221042.1	0.0
ENSG00000135912.9	332897.761148
ENSG00000211725.3	6795.3055764
ENSG00000164104.10	1330737.13888
ENSG00000268234.1	892.776633536
ENSG00000188991.3	271.223281074
ENSG00000177889.8	748271.286406
ENSG00000253270.1	0.0
ENSG00000227023.1	0.0
ENSG00000222011.7	31229.1892405
ENSG00000154678.15	1921.59172957
ENSG00000200530.1	0.0
ENSG00000237595.3	3725.49647829
ENSG00000281146.1	0.0
ENSG00000280692.1	0.0
ENSG00000234421.2	912.296490886
ENSG00000227172.2	5744.82355493
ENSG00000201142.1	0.0
ENSG00000269095.1	0.0
ENSG00000165029.14	113434.704541
ENSG00000254577.1	8664.32405005
ENSG00000239523.4	12943.4391931
ENSG00000256073.3	33867.4977083
ENSG00000223569.4	0.0
ENSG00000222760.1	0.0
ENSG00000224336.2	0.0
ENSG00000196290.13	747854.47391
ENSG00000148677.6	2203.29513804
ENSG00000240912.1	8345.11211137
ENSG00000153898.11	51247.765036
ENSG00000146085.7	153101.309955
ENSG00000213669.2	1704.91537759
ENSG00000009844.14	127891.543604
ENSG00000253926.1	0.0
ENSG00000159263.14	3626.17587171
ENSG00000248847.2	0.0
ENSG00000221376.1	0.0
ENSG00000236900.1	0.0
ENSG00000248810.1	2431.20932844
ENSG00000276605.1	0.0
ENSG00000279361.1	330.327354408
ENSG00000121766.13	402583.239011
ENSG00000125746.13	145466.141382
ENSG00000180846.7	2355.97518746
ENSG00000229613.1	1007.77836938
ENSG00000005421.7	2099.53826954
ENSG00000238075.1	0.0
ENSG00000178623.10	9269.15822549
ENSG00000116690.10	1414.56599033
ENSG00000227293.1	0.0
ENSG00000081853.14	3655.02010232
ENSG00000281568.1	0.0
ENSG00000271222.1	0.0
ENSG00000202119.1	0.0
ENSG00000104804.6	87595.7359458
ENSG00000226432.3	1355.96177408
ENSG00000140854.11	173718.659221
ENSG00000170959.13	1295.20452032
ENSG00000258545.4	635.499519503
ENSG00000262708.1	0.0
ENSG00000223377.1	0.0
ENSG00000234467.1	0.0
ENSG00000280499.1	0.0
ENSG00000281490.1	42947.3924911
ENSG00000272921.1	969.175611956
ENSG00000163221.8	13774.2680603
ENSG00000253131.1	2258.64857715
ENSG00000271322.1	0.0
ENSG00000253583.1	1086.00774052
ENSG00000006377.10	3103.10417014
ENSG00000281098.1	3571.10653414
ENSG00000256420.1	220.218236272
ENSG00000232751.1	0.0
ENSG00000198105.10	33499.5171325
ENSG00000095794.18	100854.465111
ENSG00000080910.10	0.0
ENSG00000242757.1	0.0
ENSG00000231857.1	0.0
ENSG00000206997.1	0.0
ENSG00000243053.2	1045.8913596
ENSG00000249613.1	0.0
ENSG00000270850.1	11624.423029
ENSG00000257730.1	0.0
ENSG00000275029.1	6012.96001023
ENSG00000023041.10	115385.424864
ENSG00000211885.1	0.0
ENSG00000258878.1	0.0
ENSG00000233888.2	585.513774431
ENSG00000278725.1	0.0
ENSG00000221304.1	0.0
ENSG00000249141.1	5945.89237935
ENSG00000184271.14	224431.679358
ENSG00000173546.7	21325.838369
ENSG00000233451.1	845.187260746
ENSG00000268895.4	14901.9859132
ENSG00000242747.1	2498.27410897
ENSG00000250066.1	0.0
ENSG00000178372.7	1845.83387795
ENSG00000231699.1	4863.71564773
ENSG00000206987.1	0.0
ENSG00000271704.1	0.0
ENSG00000226598.1	3587.26538724
ENSG00000215264.4	0.0
ENSG00000201998.1	4355.96511308
ENSG00000147439.10	85421.4033994
ENSG00000254542.1	0.0
ENSG00000176383.8	70404.0988201
ENSG00000229834.1	0.0
ENSG00000264009.1	0.0
ENSG00000123560.12	181761.566976
ENSG00000278313.1	0.0
ENSG00000234068.5	86354.866629
ENSG00000271916.1	1548.40947379
ENSG00000260691.4	0.0
ENSG00000255032.1	1262.39753277
ENSG00000249042.4	37721.7597421
ENSG00000253549.4	22074.3816788
ENSG00000125744.10	508038.982382
ENSG00000237906.1	700.340680724
ENSG00000259660.2	440.984099858
ENSG00000157315.4	6180.46928163
ENSG00000015532.8	197472.010552
ENSG00000090382.5	17410049.2772
ENSG00000280904.1	0.0
ENSG00000265538.1	0.0
ENSG00000218643.2	884.805413593
ENSG00000215381.3	2585.17059972
ENSG00000238026.1	0.0
ENSG00000275233.1	0.0
ENSG00000272269.1	21859.8984535
ENSG00000165732.11	393944.98115
ENSG00000232594.1	3231.46324965
ENSG00000103043.13	169027.341765
ENSG00000199241.1	0.0
ENSG00000262920.4	917.575984467
ENSG00000124486.11	385519.135841
ENSG00000136874.9	26342.5611743
ENSG00000226270.3	0.0
ENSG00000257510.1	0.0
ENSG00000176812.7	0.0
ENSG00000236828.1	0.0
ENSG00000225513.1	0.0
ENSG00000164105.3	90389.5760699
ENSG00000216105.1	0.0
ENSG00000206014.6	0.0
ENSG00000143319.15	305920.042475
ENSG00000264862.2	1330.17726607
ENSG00000266398.1	0.0
ENSG00000250740.1	678.754837825
ENSG00000166140.16	260363.481604
ENSG00000236495.1	1110.34404843
ENSG00000207981.1	0.0
ENSG00000201354.1	0.0
ENSG00000274238.1	771.192267101
ENSG00000251983.1	0.0
ENSG00000230994.1	0.0
ENSG00000264595.1	0.0
ENSG00000253678.1	3242.47709849
ENSG00000226705.1	0.0
ENSG00000265918.2	0.0
ENSG00000276883.1	0.0
ENSG00000207323.1	0.0
ENSG00000165730.13	110430.063996
ENSG00000221017.1	0.0
ENSG00000175745.10	6604.97447519
ENSG00000186017.13	107278.663101
ENSG00000213569.4	1297.52152304
ENSG00000212581.1	0.0
ENSG00000221852.4	0.0
ENSG00000123562.15	1356238.29197
ENSG00000272419.4	3403.63720526
ENSG00000264653.1	0.0
ENSG00000255400.1	0.0
ENSG00000229508.2	0.0
ENSG00000261122.5	0.0
ENSG00000274155.2	0.0
ENSG00000073756.10	677.080172254
ENSG00000074755.13	91096.9529842
ENSG00000226082.2	1548.40947379
ENSG00000230747.1	5356.65980121
ENSG00000201658.1	0.0
ENSG00000164299.6	13043.260061
ENSG00000256167.1	1855.77165398
ENSG00000279248.1	0.0
ENSG00000250886.1	0.0
ENSG00000137500.8	132916.356598
ENSG00000255510.1	0.0
ENSG00000159082.16	40769.0266407
ENSG00000248498.3	1316.19089748
ENSG00000245910.7	409743.666238
ENSG00000264134.1	0.0
ENSG00000249462.1	7959.69528695
ENSG00000267430.1	687.585126262
ENSG00000278507.1	0.0
ENSG00000159202.16	779694.283153
ENSG00000277349.1	0.0
ENSG00000232829.3	0.0
ENSG00000233236.1	0.0
ENSG00000136861.16	228240.472022
ENSG00000267598.1	0.0
ENSG00000212618.1	0.0
ENSG00000236324.1	0.0
ENSG00000221053.1	4718.96220583
ENSG00000229343.1	0.0
ENSG00000118113.10	0.0
ENSG00000131849.10	30509.6710417
ENSG00000120937.8	2284.68487199
ENSG00000258121.1	0.0
ENSG00000216710.1	0.0
ENSG00000266305.1	0.0
ENSG00000236358.1	10634.929459
ENSG00000256508.2	185.490325358
ENSG00000179460.5	349.244779991
ENSG00000278517.1	0.0
ENSG00000254299.1	3811.46947394
ENSG00000188352.11	81285.0173821
ENSG00000280081.2	957.08529245
ENSG00000215190.7	154605.217813
ENSG00000225920.2	6667.15761191
ENSG00000003147.16	23016.8804707
ENSG00000266038.1	4893.73858383
ENSG00000260524.1	0.0
ENSG00000254688.1	810.619274621
ENSG00000154025.14	3563.91007081
ENSG00000021762.18	20493.9231934
ENSG00000265267.1	0.0
ENSG00000232379.1	0.0
ENSG00000197214.5	2702.67835425
ENSG00000150750.6	1973.74020891
ENSG00000241959.3	1371.60147159
ENSG00000248714.5	1349.80530746
ENSG00000274268.1	0.0
ENSG00000233718.4	48625.0626961
ENSG00000156076.8	167.395618788
ENSG00000235862.2	0.0
ENSG00000160867.13	224833.288148
ENSG00000255176.1	285.585608998
ENSG00000281780.1	8907.7039391
ENSG00000262514.1	333.945092915
ENSG00000261268.1	0.0
ENSG00000254676.1	7008.04994988
ENSG00000134987.10	83824.4493396
ENSG00000121060.13	56491.6267665
ENSG00000280269.1	0.0
ENSG00000223091.1	0.0
ENSG00000237833.1	0.0
ENSG00000197233.7	0.0
ENSG00000229269.1	12786.8653319
ENSG00000263921.1	7622.93894788
ENSG00000233880.1	0.0
ENSG00000172197.10	178531.439707
ENSG00000130545.14	19421.2565155
ENSG00000235280.2	2783.65748097
ENSG00000261573.1	0.0
ENSG00000255231.1	0.0
ENSG00000258673.1	1369.23255713
ENSG00000132953.15	102118.342134
ENSG00000223720.1	0.0
ENSG00000100012.10	2164.30699039
ENSG00000253286.4	0.0
ENSG00000112697.14	344319.358294
ENSG00000224978.1	0.0
ENSG00000273249.1	2441.84491965
ENSG00000231566.1	1057.04753411
ENSG00000230799.1	947.175209773
ENSG00000223730.1	428.532784097
ENSG00000273870.1	2214.48505749
ENSG00000223198.1	13088.4423445
ENSG00000134463.13	79097.1495773
ENSG00000226263.1	3039.82227983
ENSG00000225328.1	1297.52152304
ENSG00000261048.1	0.0
ENSG00000255238.1	466.344500341
ENSG00000214485.6	28654.903033
ENSG00000222051.1	0.0
ENSG00000015285.9	184128.712629
ENSG00000200235.1	3145.97480389
ENSG00000116663.9	199400.256123
ENSG00000228108.1	1479.07770631
ENSG00000138658.14	40105.2171913
ENSG00000251286.2	0.0
ENSG00000274642.1	1394.11310184
ENSG00000189376.10	217879.477541
ENSG00000224236.3	236.652433009
ENSG00000255218.1	0.0
ENSG00000204580.10	396045.188521
ENSG00000242012.1	0.0
ENSG00000273806.1	0.0
ENSG00000273520.3	0.0
ENSG00000262561.1	0.0
ENSG00000235920.1	0.0
ENSG00000277942.1	0.0
ENSG00000212154.1	0.0
ENSG00000241067.2	0.0
ENSG00000252357.1	0.0
ENSG00000242600.5	1969.8420217
ENSG00000239481.1	0.0
ENSG00000234202.2	0.0
ENSG00000260848.1	0.0
ENSG00000248724.5	1976.26336674
ENSG00000239179.1	0.0
ENSG00000219867.1	0.0
ENSG00000229716.2	0.0
ENSG00000113361.11	544.363682844
ENSG00000277904.1	0.0
ENSG00000272654.1	24879.3804307
ENSG00000066336.10	551003.269953
ENSG00000232457.4	5614.6292534
ENSG00000249338.1	0.0
ENSG00000182405.5	9052.52822425
ENSG00000254988.1	1395.74938482
ENSG00000266207.1	0.0
ENSG00000197782.13	20187.5924571
ENSG00000218180.2	0.0
ENSG00000200389.1	0.0
ENSG00000234770.1	1059.87386441
ENSG00000179774.8	1071.33196024
ENSG00000230010.1	17268.2902697
ENSG00000184741.5	0.0
ENSG00000228089.1	0.0
ENSG00000212535.1	3670.30393787
ENSG00000266184.1	0.0
ENSG00000274555.1	0.0
ENSG00000233516.1	0.0
ENSG00000218472.2	1068.44427302
ENSG00000236740.5	122.836326399
ENSG00000243721.1	0.0
ENSG00000233003.4	0.0
ENSG00000220773.1	0.0
ENSG00000186951.15	9565.72443206
ENSG00000101425.11	1620.51812685
ENSG00000269419.1	0.0
ENSG00000239923.3	0.0
ENSG00000204947.7	13331.3562072
ENSG00000259377.1	0.0
ENSG00000262899.1	0.0
ENSG00000254314.1	0.0
ENSG00000263909.1	0.0
ENSG00000170100.12	70255.7318308
ENSG00000121335.11	442.155967975
ENSG00000233531.1	0.0
ENSG00000273964.1	0.0
ENSG00000251219.1	0.0
ENSG00000253747.1	0.0
ENSG00000257343.1	0.0
ENSG00000249337.2	0.0
ENSG00000261496.1	251.040421336
ENSG00000121064.11	569023.803965
ENSG00000211798.3	26125.8907577
ENSG00000281386.1	6017.3483915
ENSG00000163069.11	296967.274089
ENSG00000145321.11	998.889941932
ENSG00000166819.10	4489.04174018
ENSG00000179097.5	631.198766385
ENSG00000238269.7	59419.8317989
ENSG00000275167.1	0.0
ENSG00000222416.1	0.0
ENSG00000253314.4	1242.61073759
ENSG00000143756.10	312444.642568
ENSG00000167004.11	3306421.00284
ENSG00000267232.1	0.0
ENSG00000197498.11	296435.532018
ENSG00000257360.1	0.0
ENSG00000204031.3	0.0
ENSG00000157500.9	90066.2213583
ENSG00000231781.1	1624.56075938
ENSG00000268985.1	0.0
ENSG00000270133.1	4845.87805978
ENSG00000151461.18	214841.421225
ENSG00000258623.1	859.854284794
ENSG00000224791.1	0.0
ENSG00000123572.15	166706.102018
ENSG00000225258.1	0.0
ENSG00000241717.1	1227.22236932
ENSG00000205636.3	0.0
ENSG00000249474.1	0.0
ENSG00000124107.5	5985.79769733
ENSG00000251456.1	0.0
ENSG00000270123.3	0.0
ENSG00000241334.2	0.0
ENSG00000279152.1	0.0
ENSG00000248126.1	6551.94752545
ENSG00000259137.1	1436.20588873
ENSG00000259367.1	1201.19037967
ENSG00000234765.1	0.0
ENSG00000237400.1	1493.00499168
ENSG00000142856.15	54822.6017758
ENSG00000240477.1	0.0
ENSG00000242461.1	0.0
ENSG00000253203.5	1223.43464596
ENSG00000198113.2	65938.0543515
ENSG00000240199.3	0.0
ENSG00000125686.10	104803.450943
ENSG00000207171.1	0.0
ENSG00000261470.1	841.59835518
ENSG00000256777.1	0.0
ENSG00000263609.1	0.0
ENSG00000147571.4	256.897488846
ENSG00000254890.1	0.0
ENSG00000161594.6	16390.9269529
ENSG00000269504.1	1990.49481853
ENSG00000258227.5	4992.11114436
ENSG00000227685.1	5754.08939937
ENSG00000261446.2	0.0
ENSG00000280114.1	1173.62790611
ENSG00000244462.6	531954.203321
ENSG00000150593.14	381224.065316
ENSG00000231827.2	388.620416951
ENSG00000086619.12	30906.9578383
ENSG00000211593.2	104313.901392
ENSG00000281181.1	0.0
ENSG00000261683.1	7560.62609545
ENSG00000184898.6	15042.2547651
ENSG00000234406.1	0.0
ENSG00000256399.1	1299.64860751
ENSG00000245857.2	4425.87941705
ENSG00000172324.4	0.0
ENSG00000100271.15	70711.5846143
ENSG00000188710.2	39208.9404991
ENSG00000273366.1	24060.2625366
ENSG00000167459.15	1619.73294138
ENSG00000265593.1	0.0
ENSG00000231966.1	0.0
ENSG00000161996.16	40941.275291
ENSG00000141639.10	21068.6358923
ENSG00000273151.1	6334.77732041
ENSG00000254166.1	0.0
ENSG00000233258.1	0.0
ENSG00000276095.2	0.0
ENSG00000267004.1	4086.52397206
ENSG00000238593.1	0.0
ENSG00000144460.11	328.411619958
ENSG00000273129.1	0.0
ENSG00000249984.1	0.0
ENSG00000274292.1	3497.1365484
ENSG00000231207.1	2233.19901572
ENSG00000224114.1	1830.91374268
ENSG00000263558.2	1479.07770631
ENSG00000237593.1	0.0
ENSG00000115592.10	594.470343866
ENSG00000273069.1	5121.35433191
ENSG00000232204.1	172.269806732
ENSG00000198301.10	179972.10773
ENSG00000232752.1	0.0
ENSG00000238819.1	0.0
ENSG00000259379.1	0.0
ENSG00000231897.1	0.0
ENSG00000170903.9	39212.2187603
ENSG00000249115.7	224010.763139
ENSG00000064932.14	210879.068691
ENSG00000274568.1	0.0
ENSG00000232197.1	12011.9037967
ENSG00000104870.11	247353.682496
ENSG00000274860.1	0.0
ENSG00000118579.10	121819.867543
ENSG00000200807.1	0.0
ENSG00000235268.2	3897.83453684
ENSG00000136367.13	8688.70529368
ENSG00000256037.1	7219.07463276
ENSG00000232187.1	35187.0442739
ENSG00000220349.4	0.0
ENSG00000275759.1	28217.7943427
ENSG00000277769.1	0.0
ENSG00000204659.4	8079.34420973
ENSG00000269154.1	0.0
ENSG00000233452.5	1846.44802996
ENSG00000173545.4	338998.690492
ENSG00000211796.1	9638.73131404
ENSG00000162601.8	78586.718104
ENSG00000232928.2	3455.73232304
ENSG00000255750.4	0.0
ENSG00000216824.2	0.0
ENSG00000238460.1	10713.3196024
ENSG00000241743.2	18344.134772
ENSG00000215263.2	1045.8913596
ENSG00000138772.11	189336.959493
ENSG00000280388.1	5186.8210657
ENSG00000270099.1	0.0
ENSG00000225605.1	5371.17649444
ENSG00000241891.1	0.0
ENSG00000254595.1	13867.9705641
ENSG00000233014.1	0.0
ENSG00000273678.1	0.0
ENSG00000153976.2	8899.23009593
ENSG00000186567.11	10437.4047789
ENSG00000226840.1	2715.0193513
ENSG00000255117.4	884.805413593
ENSG00000271199.1	4569.36974398
ENSG00000170419.9	2922.95698219
ENSG00000055070.15	372093.201915
ENSG00000269584.1	5672.88479842
ENSG00000087495.15	1821.00067401
ENSG00000247011.2	385.971592298
ENSG00000235519.1	0.0
ENSG00000260490.2	7036.55902881
ENSG00000121957.11	29610.7740833
ENSG00000258413.1	3179.62159323
ENSG00000264260.1	827.542432755
ENSG00000259364.1	4072.52902695
ENSG00000264446.1	0.0
ENSG00000151962.6	61914.8465625
ENSG00000144136.9	234551.967627
ENSG00000169246.15	11428.7522237
ENSG00000152990.12	166442.133343
ENSG00000140521.10	429636.407978
ENSG00000218052.5	1077.93552925
ENSG00000140443.12	337354.971675
ENSG00000279207.1	17608.3589747
ENSG00000230014.1	0.0
ENSG00000164220.6	2774.40297666
ENSG00000200972.1	3477.1300464
ENSG00000243064.7	2107.29257988
ENSG00000237588.2	0.0
ENSG00000239997.1	0.0
ENSG00000171484.4	0.0
ENSG00000155926.12	64153.6640118
ENSG00000253559.1	13366.7348063
ENSG00000221756.1	0.0
ENSG00000259173.2	0.0
ENSG00000172809.11	4133500.32076
ENSG00000200494.1	0.0
ENSG00000265971.1	32381.3857279
ENSG00000164256.8	3180.17018219
ENSG00000243012.1	0.0
ENSG00000273904.1	0.0
ENSG00000278197.1	0.0
ENSG00000279352.1	917.575984467
ENSG00000224545.1	0.0
ENSG00000242349.4	47222.6911698
ENSG00000127947.14	2438026.68477
ENSG00000203650.6	470.589028836
ENSG00000270385.1	0.0
ENSG00000277100.1	0.0
ENSG00000173431.2	0.0
ENSG00000259089.2	0.0
ENSG00000274808.3	657.58597427
ENSG00000200823.1	0.0
ENSG00000238282.1	0.0
ENSG00000070193.4	0.0
ENSG00000171467.14	373004.860705
ENSG00000106615.8	800859.280968
ENSG00000100302.6	15683.7723957
ENSG00000185385.3	0.0
ENSG00000253499.2	11613.0710534
ENSG00000266630.1	0.0
ENSG00000239830.1	81311.3487774
ENSG00000117242.7	11419.8248114
ENSG00000255875.2	3135.31048252
ENSG00000200998.1	0.0
ENSG00000228007.1	1234.86861461
ENSG00000251138.5	25557.3512463
ENSG00000167371.15	16419.2941906
ENSG00000207624.1	4663.44500341
ENSG00000280190.1	0.0
ENSG00000260073.2	1332.41285812
ENSG00000228925.1	1944.16099597
ENSG00000238632.1	0.0
ENSG00000227252.1	5079.78844882
ENSG00000236646.1	1468.12157515
ENSG00000256683.5	100779.317115
ENSG00000279295.1	0.0
ENSG00000160949.15	265562.567808
ENSG00000229255.1	0.0
ENSG00000267573.1	271.874365768
ENSG00000242705.1	142.229216107
ENSG00000277081.1	0.0
ENSG00000179195.14	669803.838696
ENSG00000227224.1	0.0
ENSG00000206637.1	0.0
ENSG00000278586.1	0.0
ENSG00000110324.8	150856.890749
ENSG00000134183.10	0.0
ENSG00000105397.12	259209.186949
ENSG00000257336.1	2633.8393707
ENSG00000221475.1	0.0
ENSG00000230552.4	449.594886907
ENSG00000265965.1	0.0
ENSG00000230615.5	3072.42844955
ENSG00000161912.16	14775.8342818
ENSG00000276637.1	0.0
ENSG00000281663.1	25851.7059972
ENSG00000236634.1	0.0
ENSG00000250385.1	896.81634681
ENSG00000147378.10	645987.188229
ENSG00000258690.1	0.0
ENSG00000144199.10	173477.701526
ENSG00000256594.6	51180.1538565
ENSG00000258100.1	2216.96211012
ENSG00000197475.10	2775.67500203
ENSG00000075131.8	196685.65959
ENSG00000225394.1	0.0
ENSG00000251719.1	0.0
ENSG00000221461.2	0.0
ENSG00000184274.3	1365.10658731
ENSG00000266933.2	5129.78950375
ENSG00000275098.1	0.0
ENSG00000161267.10	12786.8653319
ENSG00000254878.1	2012.14632127
ENSG00000100804.17	1587817.15286
ENSG00000254796.1	0.0
ENSG00000225439.2	52304.832999
ENSG00000144749.12	307215.713571
ENSG00000207616.1	0.0
ENSG00000134504.11	33112.9769034
ENSG00000116833.12	36917.6543199
ENSG00000140104.12	58188.1908129
ENSG00000134250.16	78292.5367256
ENSG00000211947.2	11736915.0037
ENSG00000004700.14	152135.944063
ENSG00000229494.1	718.753989646
ENSG00000141560.13	428280.366604
ENSG00000246465.1	8308.11242042
ENSG00000260239.1	0.0
ENSG00000136842.12	127641.055393
ENSG00000265898.1	0.0
ENSG00000253487.1	0.0
ENSG00000278352.1	371167.827317
ENSG00000006744.17	469986.323823
ENSG00000228612.2	144.827484578
ENSG00000279630.1	0.0
ENSG00000137726.14	167039.66841
ENSG00000237506.3	9668.11769
ENSG00000279683.1	0.0
ENSG00000266537.1	496.732863772
ENSG00000253300.1	0.0
ENSG00000159111.11	597600.905565
ENSG00000253546.1	0.0
ENSG00000235459.5	11390.5984279
ENSG00000232487.1	2086.27802784
ENSG00000240527.1	0.0
ENSG00000279104.1	212.201726601
ENSG00000257883.1	905.006450433
ENSG00000243125.3	0.0
ENSG00000025770.17	1409898.63405
ENSG00000183911.7	1715.98625667
ENSG00000163291.13	26813.9627847
ENSG00000113657.11	206219.438841
ENSG00000254933.1	0.0
ENSG00000222658.1	0.0
ENSG00000256627.1	0.0
ENSG00000207976.1	0.0
ENSG00000237574.1	1487.71285555
ENSG00000280959.1	0.0
ENSG00000270733.1	7750.6977012
ENSG00000237685.1	5912.29976704
ENSG00000253376.1	4065.56743887
ENSG00000034053.13	25852.9605081
ENSG00000163297.15	24794.6444854
ENSG00000173436.12	53236.6105517
ENSG00000276989.1	0.0
ENSG00000212368.1	0.0
ENSG00000222225.1	0.0
ENSG00000258544.1	2469.73722922
ENSG00000215922.1	0.0
ENSG00000163536.11	129016.192516
ENSG00000270701.1	0.0
ENSG00000224854.3	1444.9313194
ENSG00000271398.1	932.689000682
ENSG00000262566.1	0.0
ENSG00000280746.1	15245.8778958
ENSG00000277493.1	4530.2037176
ENSG00000198833.6	183597.329569
ENSG00000079134.10	78378.3394365
ENSG00000163508.11	17564.4523241
ENSG00000227834.1	0.0
ENSG00000270482.1	16219.019038
ENSG00000258572.1	4391.0584876
ENSG00000260992.1	9332.66874908
ENSG00000167807.14	6827.81900021
ENSG00000251256.1	0.0
ENSG00000263979.1	0.0
ENSG00000270690.1	0.0
ENSG00000260883.1	0.0
ENSG00000116299.15	7331.13612364
ENSG00000252765.1	0.0
ENSG00000263335.1	76812.9637523
ENSG00000223800.1	0.0
ENSG00000263595.2	0.0
ENSG00000222231.1	0.0
ENSG00000277775.1	17360.2697207
ENSG00000139890.8	8426.57199098
ENSG00000142233.10	1272.52913416
ENSG00000152082.12	707610.332749
ENSG00000229924.3	318.132283539
ENSG00000253770.1	0.0
ENSG00000227379.2	5639.73531916
ENSG00000147885.4	0.0
ENSG00000253613.2	0.0
ENSG00000201277.1	0.0
ENSG00000225240.1	0.0
ENSG00000237000.1	0.0
ENSG00000207765.1	0.0
ENSG00000201649.1	0.0
ENSG00000231459.1	0.0
ENSG00000260007.1	0.0
ENSG00000143384.11	2894637.97539
ENSG00000223876.1	0.0
ENSG00000277541.1	998.47059267
ENSG00000184709.7	983.605025533
ENSG00000132429.8	69542.600928
ENSG00000263476.1	0.0
ENSG00000237691.1	683.435905672
ENSG00000240395.1	6393.43266597
ENSG00000187003.6	23613.7626846
ENSG00000261195.1	0.0
ENSG00000258887.2	0.0
ENSG00000269737.1	7247.6887887
ENSG00000092140.13	252288.992084
ENSG00000177169.8	1072938.67655
ENSG00000276827.1	0.0
ENSG00000226783.1	0.0
ENSG00000221175.2	0.0
ENSG00000162694.12	55842.6797729
ENSG00000185630.17	112077.184542
ENSG00000252539.1	3539.22165437
ENSG00000229015.1	2936.2431503
ENSG00000233732.5	4530.2037176
ENSG00000249668.1	0.0
ENSG00000166535.18	34032.3567653
ENSG00000207087.1	3704.60584383
ENSG00000082293.11	1024.63190652
ENSG00000234318.1	886.784844049
ENSG00000235961.5	3050.5559212
ENSG00000278107.1	12852.3270998
ENSG00000207196.1	0.0
ENSG00000265813.2	0.0
ENSG00000146221.9	18611.2053609
ENSG00000222915.1	7622.93894788
ENSG00000182747.4	336.068525044
ENSG00000260081.1	23672.7608496
ENSG00000183495.12	202784.439733
ENSG00000163534.13	1410.29213572
ENSG00000254333.1	1077.15441655
ENSG00000254024.1	807.317363116
ENSG00000252456.1	0.0
ENSG00000237292.1	4160.04464322
ENSG00000253489.1	12452.1306374
ENSG00000143382.12	191663.819442
ENSG00000221916.3	15983.5816649
ENSG00000154556.16	3174.93356777
ENSG00000213003.3	845.187260746
ENSG00000155275.17	36590.8964826
ENSG00000256229.6	350716.017682
ENSG00000144161.11	89008.2071333
ENSG00000253530.1	0.0
ENSG00000119522.14	62690.0509575
ENSG00000154451.13	127392.855678
ENSG00000267191.1	13034.1934815
ENSG00000246575.2	19143.9716759
ENSG00000252662.1	0.0
ENSG00000272498.1	10542.3623747
ENSG00000264803.1	0.0
ENSG00000118849.8	90234.3238249
ENSG00000226663.2	0.0
ENSG00000250753.2	9993.09643588
ENSG00000243307.2	0.0
ENSG00000112619.7	13985.6339568
ENSG00000260086.2	2682.51261258
ENSG00000184351.7	0.0
ENSG00000251249.1	1322.63204968
ENSG00000229382.1	0.0
ENSG00000265090.1	0.0
ENSG00000229001.1	0.0
ENSG00000261396.1	0.0
ENSG00000197586.11	474823.093331
ENSG00000264304.1	1410.65062381
ENSG00000183643.4	0.0
ENSG00000234877.2	1068.44427302
ENSG00000243649.7	7615.31143242
ENSG00000223765.2	0.0
ENSG00000246145.1	1089.49012906
ENSG00000243317.6	398563.739343
ENSG00000212545.1	0.0
ENSG00000153107.10	84650.2574304
ENSG00000275582.1	50956.3273168
ENSG00000252068.1	0.0
ENSG00000224773.2	203.487076638
ENSG00000238224.1	0.0
ENSG00000129596.4	465747.988417
ENSG00000258750.2	0.0
ENSG00000279118.1	4260.45598979
ENSG00000102290.20	306.357700954
ENSG00000277987.1	37033.239733
ENSG00000141505.10	13960.4730358
ENSG00000182565.8	0.0
ENSG00000264336.1	0.0
ENSG00000252888.1	0.0
ENSG00000064419.12	554068.328934
ENSG00000214216.9	135.611640537
ENSG00000165282.12	82973.6126179
ENSG00000277569.1	0.0
ENSG00000233388.2	229.659806078
ENSG00000228229.2	0.0
ENSG00000170906.14	335692.671437
ENSG00000270344.2	3253.56628145
ENSG00000236711.2	8651.43071069
ENSG00000259417.2	2761.51750565
ENSG00000281700.1	0.0
ENSG00000206702.1	0.0
ENSG00000259312.1	0.0
ENSG00000248456.1	404.070158298
ENSG00000223145.1	0.0
ENSG00000276672.1	13081.9892729
ENSG00000252466.1	0.0
ENSG00000265590.8	772.695565867
ENSG00000222686.1	2291.28800746
ENSG00000182487.11	40431.2345459
ENSG00000229877.1	0.0
ENSG00000265317.1	0.0
ENSG00000276229.1	0.0
ENSG00000222418.1	0.0
ENSG00000148200.15	1383535.5981
ENSG00000237417.1	219.608213457
ENSG00000273288.1	0.0
ENSG00000224117.1	0.0
ENSG00000207277.1	0.0
ENSG00000199785.1	0.0
ENSG00000206734.1	0.0
ENSG00000255929.4	0.0
ENSG00000222664.1	0.0
ENSG00000276235.1	0.0
ENSG00000261229.4	4427.0676364
ENSG00000155254.11	326358.342692
ENSG00000196656.7	1591.93905739
ENSG00000207022.1	3196.71633298
ENSG00000157184.5	241728.526801
ENSG00000212181.1	0.0
ENSG00000222158.1	0.0
ENSG00000279556.1	0.0
ENSG00000197815.4	5678.35452206
ENSG00000231139.1	0.0
ENSG00000207438.1	0.0
ENSG00000227430.1	1019.00469226
ENSG00000275263.1	7251.0882675
ENSG00000206713.1	3507.90110876
ENSG00000252537.1	0.0
ENSG00000155252.13	570412.019777
ENSG00000230968.1	0.0
ENSG00000274603.1	0.0
ENSG00000100802.13	55679.9726309
ENSG00000261084.1	0.0
ENSG00000134986.12	108087.836906
ENSG00000198517.8	46948.2754045
ENSG00000255193.1	0.0
ENSG00000115556.12	74995.0632473
ENSG00000221079.2	0.0
ENSG00000125834.11	1073098.02554
ENSG00000054523.15	148269.243077
ENSG00000233739.1	0.0
ENSG00000223092.1	0.0
ENSG00000257756.4	0.0
ENSG00000275329.1	5161.92501734
ENSG00000165323.14	370.076289171
ENSG00000207799.1	0.0
ENSG00000213445.7	181299.872778
ENSG00000257647.1	73337.3142808
ENSG00000248950.1	0.0
ENSG00000238943.1	0.0
ENSG00000252458.1	0.0
ENSG00000255144.1	1051.43985488
ENSG00000237451.3	5400.44721103
ENSG00000106853.15	164222.927619
ENSG00000138326.17	7031830.01896
ENSG00000240083.2	0.0
ENSG00000116688.15	347770.33918
ENSG00000225602.4	0.0
ENSG00000076067.10	41822.7069499
ENSG00000185565.10	767.459487492
ENSG00000106633.14	6154.57079538
ENSG00000240704.1	0.0
ENSG00000266994.1	1425.87347227
ENSG00000163682.14	3929993.4268
ENSG00000174946.6	40853.8566455
ENSG00000198972.2	0.0
ENSG00000279753.1	0.0
ENSG00000204231.9	204870.373479
ENSG00000011198.6	69481.2140168
ENSG00000223651.1	349.706947763
ENSG00000143162.7	624967.557135
ENSG00000232529.1	0.0
ENSG00000233916.1	11245.186533
ENSG00000280760.1	0.0
ENSG00000232762.1	2635.59059368
ENSG00000111846.14	65335.62697
ENSG00000266976.1	1780.34055823
ENSG00000105258.7	866504.09563
ENSG00000278158.1	0.0
ENSG00000184209.14	177297.102206
ENSG00000275044.1	0.0
ENSG00000274358.1	9803.83324581
ENSG00000274892.1	3020.13581173
ENSG00000136490.7	197569.869718
ENSG00000136485.13	514255.634939
ENSG00000279311.1	412.05075394
ENSG00000258323.1	0.0
ENSG00000237781.3	14305.9064766
ENSG00000280195.1	10630.4419366
ENSG00000244561.1	0.0
ENSG00000155366.15	1125015.58558
ENSG00000199047.2	7078.44330875
ENSG00000212017.2	0.0
ENSG00000202566.3	10617.6649631
ENSG00000064309.13	12228.3447047
ENSG00000279883.1	1159.0433488
ENSG00000183145.7	341.865308573
ENSG00000101290.12	265806.170158
ENSG00000229558.2	398876.934311
ENSG00000266837.1	0.0
ENSG00000226489.1	0.0
ENSG00000137507.10	81607.6729348
ENSG00000264768.1	0.0
ENSG00000215477.2	3581.86287913
ENSG00000279758.1	4302.77150925
ENSG00000219409.2	0.0
ENSG00000263232.2	1052.13755883
ENSG00000172795.14	344169.833233
ENSG00000235225.1	4194.63307185
ENSG00000221740.1	21426.6392049
ENSG00000275510.1	0.0
ENSG00000279893.1	0.0
ENSG00000266325.1	0.0
ENSG00000198183.10	0.0
ENSG00000255680.1	854.29488209
ENSG00000223485.1	5265.17984256
ENSG00000248928.1	0.0
ENSG00000130656.4	0.0
ENSG00000225839.2	1933.623538
ENSG00000274234.1	0.0
ENSG00000223504.1	0.0
ENSG00000278556.1	0.0
ENSG00000138172.9	91955.9932542
ENSG00000010256.9	2276931.34626
ENSG00000202427.1	0.0
ENSG00000266385.1	0.0
ENSG00000213538.5	9425.45687611
ENSG00000207826.1	5147.95877
ENSG00000196341.2	386.347782934
ENSG00000237799.2	0.0
ENSG00000225128.1	0.0
ENSG00000004838.12	29662.720775
ENSG00000138778.10	34669.6816698
ENSG00000055332.15	99826.2597308
ENSG00000240419.1	0.0
ENSG00000263201.1	1003.52613997
ENSG00000188306.6	1084.81889789
ENSG00000224846.2	2206.26804428
ENSG00000012211.11	13403.3892083
ENSG00000208012.1	0.0
ENSG00000173818.15	50389.3816238
ENSG00000185662.7	2540.97964929
ENSG00000177324.12	3761.32937519
ENSG00000149262.15	83794.5979045
ENSG00000251746.1	0.0
ENSG00000251391.4	0.0
ENSG00000262519.1	2557.37306639
ENSG00000206630.1	119395.429304
ENSG00000143409.14	32928.2014679
ENSG00000158125.8	10768.3325075
ENSG00000278941.1	1059.87386441
ENSG00000263678.1	0.0
ENSG00000220494.4	853.681605075
ENSG00000261098.1	7947.00591765
ENSG00000185614.4	54885.1604248
ENSG00000261435.1	200.603656523
ENSG00000180776.14	133908.806965
ENSG00000224163.4	730.005203112
ENSG00000268839.1	0.0
ENSG00000242979.1	0.0
ENSG00000230138.1	1399.03350102
ENSG00000250909.1	2359.48110292
ENSG00000251770.1	0.0
ENSG00000266411.1	0.0
ENSG00000137494.12	27353.6988302
ENSG00000182109.6	40300.1532086
ENSG00000167703.13	39878.4786521
ENSG00000270720.1	5393.09966381
ENSG00000230589.1	0.0
ENSG00000270171.1	2303.2703387
ENSG00000264071.2	1405.64831663
ENSG00000274111.1	0.0
ENSG00000232939.1	0.0
ENSG00000242727.2	0.0
ENSG00000026036.19	23189.3426129
ENSG00000281732.1	218.458432235
ENSG00000186952.13	2528.49130426
ENSG00000259161.2	543.748731536
ENSG00000281629.1	0.0
ENSG00000136819.13	520620.26887
ENSG00000126549.8	182.165820446
ENSG00000272667.1	56627.54647
ENSG00000183682.7	22021.8236272
ENSG00000211721.2	34805.223684
ENSG00000066117.13	703412.034597
ENSG00000223558.1	27565.565041
ENSG00000103222.17	214078.290199
ENSG00000264845.2	647.700694918
ENSG00000227620.4	18254.9327436
ENSG00000271148.1	0.0
ENSG00000236217.4	0.0
ENSG00000214278.4	0.0
ENSG00000213854.3	440.436472544
ENSG00000115415.17	903851.606584
ENSG00000201715.1	0.0
ENSG00000145192.11	0.0
ENSG00000260932.1	4224.43508302
ENSG00000137496.16	273706.357504
ENSG00000234948.1	4302.44106909
ENSG00000226022.1	0.0
ENSG00000105227.13	54094.1830246
ENSG00000266086.1	557.514522208
ENSG00000125813.12	270.806370821
ENSG00000274835.1	14156.8866175
ENSG00000258427.3	4530.2037176
ENSG00000277420.1	156.183146292
ENSG00000123815.10	126473.002384
ENSG00000236599.1	0.0
ENSG00000201701.1	0.0
ENSG00000221356.1	0.0
ENSG00000213867.4	1865.37800136
ENSG00000274956.2	0.0
ENSG00000158545.14	182245.360008
ENSG00000258799.1	0.0
ENSG00000103199.12	72901.9442026
ENSG00000281905.1	0.0
ENSG00000281621.1	0.0
ENSG00000270427.1	6539.47554412
ENSG00000255566.1	6291.94960778
ENSG00000236343.1	0.0
ENSG00000238236.1	0.0
ENSG00000281370.1	12583.8992156
ENSG00000253968.1	0.0
ENSG00000201549.1	3636.63142468
ENSG00000103197.15	166669.620633
ENSG00000232990.2	0.0
ENSG00000254992.1	0.0
ENSG00000162598.12	896.410731094
ENSG00000115138.9	18299.0185927
ENSG00000216687.2	0.0
ENSG00000067365.13	54987.8586088
ENSG00000143093.13	157759.168498
ENSG00000235059.4	0.0
ENSG00000259684.1	0.0
ENSG00000281602.1	0.0
ENSG00000279770.1	3842.50509199
ENSG00000232382.1	0.0
ENSG00000278560.1	0.0
ENSG00000254084.1	0.0
ENSG00000167962.11	257600.527815
ENSG00000263041.1	0.0
ENSG00000204390.9	79621.3575956
ENSG00000167705.10	63332.3772218
ENSG00000259507.1	0.0
ENSG00000207292.1	0.0
ENSG00000270421.1	0.0
ENSG00000279856.1	0.0
ENSG00000166862.6	122.950628192
ENSG00000207383.1	145213.213225
ENSG00000227394.1	0.0
ENSG00000227304.3	1858.50621368
ENSG00000280306.1	0.0
ENSG00000238367.1	0.0
ENSG00000168970.19	15176.0672109
ENSG00000254835.1	0.0
ENSG00000170683.5	6351.25167759
ENSG00000253777.1	0.0
ENSG00000074657.12	243388.047191
ENSG00000137868.17	207990.253582
ENSG00000229923.2	0.0
ENSG00000239437.3	0.0
ENSG00000140937.12	20351.3841248
ENSG00000226903.1	1343.70449251
ENSG00000269806.1	724.666956654
ENSG00000253882.5	546.748724538
ENSG00000254728.1	0.0
ENSG00000275268.1	0.0
ENSG00000274213.1	5695.29921393
ENSG00000224510.2	0.0
ENSG00000277668.1	0.0
ENSG00000074370.16	587429.669278
ENSG00000226186.1	27134.0326835
ENSG00000257570.1	0.0
ENSG00000279755.1	0.0
ENSG00000160224.15	45164.0393073
ENSG00000280374.1	3665.45545182
ENSG00000263475.2	0.0
ENSG00000145194.16	111319.108445
ENSG00000264047.2	1405.64831663
ENSG00000279151.1	976.337008103
ENSG00000233303.1	0.0
ENSG00000135973.2	4245.98282636
ENSG00000264150.1	0.0
ENSG00000111727.10	39914.352111
ENSG00000279610.1	0.0
ENSG00000224826.1	0.0
ENSG00000237883.1	18330.3040596
ENSG00000261608.1	0.0
ENSG00000196757.6	96381.1419129
ENSG00000266441.1	11302.4430836
ENSG00000280198.1	5096.4791823
ENSG00000258783.1	0.0
ENSG00000250062.4	1441.4284556
ENSG00000231411.1	0.0
ENSG00000266163.1	0.0
ENSG00000239183.1	8941.19154789
ENSG00000215162.1	0.0
ENSG00000140931.18	214425.584594
ENSG00000229867.1	1231.79871128
ENSG00000277393.1	0.0
ENSG00000270776.1	0.0
ENSG00000235944.6	42626.4934901
ENSG00000151498.10	57851.0298409
ENSG00000278577.1	0.0
ENSG00000279827.1	2313.5768013
ENSG00000254330.1	0.0
ENSG00000234072.1	50536.5999417
ENSG00000109705.7	566.073295666
ENSG00000175538.9	48403.6928352
ENSG00000188909.4	955.163434433
ENSG00000167555.12	146335.405256
ENSG00000237902.1	0.0
ENSG00000225944.1	0.0
ENSG00000277022.1	220.954752113
ENSG00000103226.16	8383.94300528
ENSG00000117650.11	188782.883514
ENSG00000164932.11	61378.3935556
ENSG00000169564.6	2114472.58519
ENSG00000250637.2	0.0
ENSG00000256783.1	0.0
ENSG00000266899.1	835.390569631
ENSG00000070269.12	74645.7208451
ENSG00000260062.3	1503.76640854
ENSG00000165632.7	88439.8606507
ENSG00000216136.2	0.0
ENSG00000226342.1	14918.0095539
ENSG00000235071.1	0.0
ENSG00000238087.3	495.491031612
ENSG00000251493.3	2257.72968025
ENSG00000251997.1	0.0
ENSG00000275929.1	0.0
ENSG00000200372.1	0.0
ENSG00000131480.7	59227.6822131
ENSG00000213159.4	0.0
ENSG00000109323.7	42096.4764086
ENSG00000230356.1	220.095960738
ENSG00000239160.1	0.0
ENSG00000223841.1	0.0
ENSG00000260058.1	824.101507879
ENSG00000235065.1	25035.3363341
ENSG00000108602.16	2731.65040399
ENSG00000281480.1	0.0
ENSG00000171159.4	515406.074279
ENSG00000227879.2	16094.1447862
ENSG00000227217.1	522.945679802
ENSG00000268849.4	1598.35816649
ENSG00000260379.1	869.282511601
ENSG00000149575.5	4762.7012994
ENSG00000261513.1	0.0
ENSG00000174680.8	596.079436526
ENSG00000251987.1	0.0
ENSG00000258929.5	802.685437644
ENSG00000213145.8	97303.6713991
ENSG00000278239.1	1400.06295908
ENSG00000202449.1	0.0
ENSG00000261783.1	13778.3602373
ENSG00000280615.1	0.0
ENSG00000228643.1	859.854284794
ENSG00000252797.1	0.0
ENSG00000257558.2	0.0
ENSG00000132128.15	169823.41934
ENSG00000196954.11	53919.4760972
ENSG00000258196.1	0.0
ENSG00000226919.1	10394.9167471
ENSG00000205078.5	17525.4062628
ENSG00000267394.1	3753.71993646
ENSG00000268051.1	0.0
ENSG00000276083.1	0.0
ENSG00000204780.5	0.0
ENSG00000240137.4	27320.9081518
ENSG00000186184.14	295582.572134
ENSG00000255048.1	456.148245443
ENSG00000231610.1	429.927142397
ENSG00000132749.9	25891.5937657
ENSG00000275209.1	0.0
ENSG00000252850.1	0.0
ENSG00000226338.1	0.0
ENSG00000128482.14	10854.1299367
ENSG00000263126.1	5884.51084382
ENSG00000132341.10	3665052.17033
ENSG00000162976.11	2487081.84096
ENSG00000229044.1	902.944932323
ENSG00000239439.1	0.0
ENSG00000281544.1	0.0
ENSG00000271277.1	0.0
ENSG00000231122.4	674.137457976
ENSG00000257070.1	0.0
ENSG00000227183.3	20448.8362253
ENSG00000265582.1	0.0
ENSG00000221559.2	0.0
ENSG00000225208.1	5188.38776557
ENSG00000221988.11	53256.8591801
ENSG00000235435.1	0.0
ENSG00000268434.4	461.458469488
ENSG00000254940.1	0.0
ENSG00000092621.10	251711.559282
ENSG00000259338.1	998.47059267
ENSG00000271480.1	0.0
ENSG00000276728.1	5008.98458149
ENSG00000008300.13	12943.5558175
ENSG00000273745.1	0.0
ENSG00000268750.5	1710.06395725
ENSG00000214803.3	1990.25686338
ENSG00000232437.1	0.0
ENSG00000158246.7	3236426.89365
ENSG00000266277.1	0.0
ENSG00000279555.1	566.815288784
ENSG00000248371.4	2907.52683587
ENSG00000253716.4	14670.7664876
ENSG00000271751.1	3820.65373773
ENSG00000254443.1	160.547924378
ENSG00000254404.1	2245.85170136
ENSG00000253741.1	488.168504052
ENSG00000251436.2	0.0
ENSG00000243799.1	479.314178101
ENSG00000230630.2	4093.08791603
ENSG00000151572.15	15151.2967041
ENSG00000218476.2	457.20049053
ENSG00000096093.13	44886.1465108
ENSG00000211137.1	0.0
ENSG00000258300.2	0.0
ENSG00000270835.1	1864.50058932
ENSG00000280251.1	0.0
ENSG00000239716.1	0.0
ENSG00000146215.12	11796.4436389
ENSG00000150787.6	165015.92695
ENSG00000269085.1	0.0
ENSG00000254762.1	0.0
ENSG00000271609.1	0.0
ENSG00000213470.4	0.0
ENSG00000033050.6	675418.440394
ENSG00000232436.1	0.0
ENSG00000257817.1	1490.19859132
ENSG00000254787.1	0.0
ENSG00000238713.1	0.0
ENSG00000276911.1	0.0
ENSG00000272662.1	3932.46850486
ENSG00000277481.1	1219.90482874
ENSG00000248313.1	802.414626093
ENSG00000273874.1	29146.5312713
ENSG00000258016.1	0.0
ENSG00000196950.12	151462.518034
ENSG00000186146.1	0.0
ENSG00000251093.1	0.0
ENSG00000275379.1	4822.29714465
ENSG00000215398.10	0.0
ENSG00000213050.5	6367.75622956
ENSG00000273664.1	0.0
ENSG00000198211.8	142.792804499
ENSG00000257191.1	8857.94022994
ENSG00000239607.3	0.0
ENSG00000161911.10	2672.91183607
ENSG00000226243.1	11366.1025173
ENSG00000128340.13	538386.621711
ENSG00000144821.8	15198.3212192
ENSG00000260404.2	48252.5964801
ENSG00000278700.1	5267.67874139
ENSG00000151304.5	81291.7462343
ENSG00000165410.13	19711.9708356
ENSG00000118503.13	134668.39996
ENSG00000270554.1	360.685009363
ENSG00000239279.3	0.0
ENSG00000175352.9	146135.603793
ENSG00000201588.1	0.0
ENSG00000257185.1	0.0
ENSG00000261090.1	850.62838045
ENSG00000178385.12	19240.7170351
ENSG00000260596.4	0.0
ENSG00000225555.1	3366.39342072
ENSG00000233528.4	0.0
ENSG00000198520.9	18154.4408298
ENSG00000168078.8	584610.758037
ENSG00000140836.13	13112.6918724
ENSG00000270683.1	0.0
ENSG00000165805.8	2049.45479291
ENSG00000165617.13	79896.5494181
ENSG00000220447.1	0.0
ENSG00000200593.1	0.0
ENSG00000148337.18	428888.006045
ENSG00000225549.3	0.0
ENSG00000258605.1	0.0
ENSG00000264069.2	0.0
ENSG00000117298.13	383297.948749
ENSG0000025845